-- phpMyAdmin SQL Dump
-- version 5.1.1
-- https://www.phpmyadmin.net/
--
-- Host: localhost:3306
-- Waktu pembuatan: 17 Jul 2021 pada 06.15
-- Versi server: 8.0.25-0ubuntu0.20.04.1
-- Versi PHP: 7.4.3

SET SQL_MODE = "NO_AUTO_VALUE_ON_ZERO";
START TRANSACTION;
SET time_zone = "+00:00";


/*!40101 SET @OLD_CHARACTER_SET_CLIENT=@@CHARACTER_SET_CLIENT */;
/*!40101 SET @OLD_CHARACTER_SET_RESULTS=@@CHARACTER_SET_RESULTS */;
/*!40101 SET @OLD_COLLATION_CONNECTION=@@COLLATION_CONNECTION */;
/*!40101 SET NAMES utf8mb4 */;

--
-- Database: `db_sista`
--

-- --------------------------------------------------------

--
-- Struktur dari tabel `detail_penilaian`
--

CREATE TABLE `detail_penilaian` (
  `id` int NOT NULL,
  `penilaian_id` int NOT NULL,
  `dosen_id` int NOT NULL,
  `seminar_id` int DEFAULT NULL,
  `nilai` double DEFAULT NULL
) ENGINE=InnoDB DEFAULT CHARSET=latin1;

--
-- Dumping data untuk tabel `detail_penilaian`
--

INSERT INTO `detail_penilaian` (`id`, `penilaian_id`, `dosen_id`, `seminar_id`, `nilai`) VALUES
(19, 2, 2, 7, 88),
(20, 2, 1, 7, 55),
(21, 1, 1, 7, 66);

-- --------------------------------------------------------

--
-- Struktur dari tabel `dosen`
--

CREATE TABLE `dosen` (
  `id` int NOT NULL,
  `nidn` varchar(10) DEFAULT NULL,
  `nama` varchar(45) DEFAULT NULL
) ENGINE=InnoDB DEFAULT CHARSET=utf8mb3;

--
-- Dumping data untuk tabel `dosen`
--

INSERT INTO `dosen` (`id`, `nidn`, `nama`) VALUES
(1, '084020211', 'AMALIA RAHMAH, S.T, S.T, M.T'),
(2, '084040200', 'BACHTIAR FIRDAUS, S.T, M.P'),
(3, '084151108', 'KURNIAWAN DWI PRASETYO, S.T, M.T'),
(4, '084201001', 'MUHAMMAD BINTANG, S.Kom'),
(5, '084310911', 'NUGROHO DWI SAPUTRA, S.Kom, M.Ti'),
(6, '084290607', 'REZA ALDIANSYAH, S.T, M.Ti'),
(7, '084230787', 'RUSMANTO, M.M., Drs'),
(8, '084260989', 'SAPTO WALUYO, S.Sos, M.Sc.'),
(9, '0860696', 'SUHENDI, M.M.S.I, S.T'),
(10, '084010195', 'WARSONO, S.Kom, M.Ti'),
(11, '084241010', 'YEKTI WIRANI, S.T, M.Ti'),
(12, '084080200', 'DEDY ACHMADI, S.T, M.T'),
(13, '084071314', 'MISNA ASQIA, S.Kom, M.Kom'),
(14, '084050315', 'NURUL JANAH, S.IIP, M.HUM'),
(15, '084300500', 'EDI WIBOWO, S.E, M.M'),
(16, '084131310', 'AHMAD RIO ADRIANSYAH, S.Si, M.Si'),
(17, '084260511', 'APRIL RUSTIANTO, S.Kom, M.T'),
(18, '084070998', 'HENRY SAPTONO, S.Si, M.Kom'),
(19, '084111208', 'HILMY ABIDZAR TAWAKAL, S.T, M.Kom'),
(20, '084211202', 'LUKMAN ROSYIDI, S.T, M.M., M.T'),
(21, '084270601', 'REZA PRIMARDIANSYAH, S.T, M.Kom'),
(22, '084240913', 'SALMAN EL FARISI, S.Kom, M.Kom'),
(23, '084290398', 'SIGIT PUSPITO WIGATI JAROT,PhD'),
(24, '084140495', 'SIROJUL MUNIR, S.Si, M.Kom'),
(25, '084100915', 'TUBAGUS RIZKY DHARMAWAN, S.T, M.Sc.'),
(26, '084260907', 'ZAKI IMADUDDIN, S.T, M.Kom'),
(27, '084281214', 'ADITYA PUTRA, S.T, M.T'),
(28, '084101104', 'NASRUL, S.Kom, M.Kom'),
(29, '084200914', 'TIFANI NABARIAN, S.Kom, M.T.I'),
(30, '084301213', 'PUDY PRIMA, S.T, M.Kom'),
(31, '084240795', 'EFRIZAL ZAIDA, S.KOM, M.M, M.KOM'),
(32, '0899902010', 'TEGUH RAHARJO, S.Kom, M.Kom'),
(33, '084290906', 'ISHOM MUHAMMAD DREHEM,S.Kom, M.Kom'),
(34, '084141310', 'IMAM HAROMAIN, S.Si, M.Kom');

-- --------------------------------------------------------

--
-- Struktur dari tabel `kategori_seminar`
--

CREATE TABLE `kategori_seminar` (
  `id` int NOT NULL,
  `nama` varchar(45) DEFAULT NULL
) ENGINE=InnoDB DEFAULT CHARSET=utf8mb3;

--
-- Dumping data untuk tabel `kategori_seminar`
--

INSERT INTO `kategori_seminar` (`id`, `nama`) VALUES
(1, 'Seminar Proposal'),
(2, 'Seminar Hasil'),
(3, 'Sidang Skripsi');

-- --------------------------------------------------------

--
-- Struktur dari tabel `penilaian`
--

CREATE TABLE `penilaian` (
  `id` int NOT NULL,
  `nama` varchar(30) DEFAULT NULL,
  `keterangan` varchar(100) DEFAULT NULL
) ENGINE=InnoDB DEFAULT CHARSET=latin1;

--
-- Dumping data untuk tabel `penilaian`
--

INSERT INTO `penilaian` (`id`, `nama`, `keterangan`) VALUES
(1, 'Presentasi', 'pembukaan, intonasi, kesopanan, kerapihan pakaian'),
(2, 'Penguasaan Materi', 'cukup jelas'),
(3, 'Penulisan Dokumen', 'cukup jelas');

-- --------------------------------------------------------

--
-- Struktur dari tabel `peserta_seminar`
--

CREATE TABLE `peserta_seminar` (
  `id` int NOT NULL,
  `nim` varchar(10) DEFAULT NULL,
  `nama` varchar(45) DEFAULT NULL,
  `seminar_id` int NOT NULL,
  `kehadiran` smallint DEFAULT '0'
) ENGINE=InnoDB DEFAULT CHARSET=utf8mb3;

--
-- Dumping data untuk tabel `peserta_seminar`
--

INSERT INTO `peserta_seminar` (`id`, `nim`, `nama`, `seminar_id`, `kehadiran`) VALUES
(52, '0110220020', 'seli mulyani', 16, 1),
(53, '0110220092', 'Rio Agi', 16, 1);

-- --------------------------------------------------------

--
-- Struktur dari tabel `seminar_ta`
--

CREATE TABLE `seminar_ta` (
  `id` int NOT NULL,
  `semester` int DEFAULT NULL,
  `tanggal` date DEFAULT NULL,
  `jam` time DEFAULT NULL,
  `kategori_seminar_id` int NOT NULL,
  `nim` varchar(10) DEFAULT NULL,
  `nama_mahasiswa` varchar(45) DEFAULT NULL,
  `judul` text,
  `pembimbing_id` int NOT NULL,
  `penguji1_id` int DEFAULT NULL,
  `penguji2_id` int DEFAULT NULL,
  `nilai_pembimbing` double DEFAULT NULL,
  `nilai_penguji1` double DEFAULT NULL,
  `nilai_penguji2` double DEFAULT NULL,
  `lokasi` varchar(40) DEFAULT NULL,
  `nilai_akhir` double DEFAULT NULL
) ENGINE=InnoDB DEFAULT CHARSET=utf8mb3;

--
-- Dumping data untuk tabel `seminar_ta`
--

INSERT INTO `seminar_ta` (`id`, `semester`, `tanggal`, `jam`, `kategori_seminar_id`, `nim`, `nama_mahasiswa`, `judul`, `pembimbing_id`, `penguji1_id`, `penguji2_id`, `nilai_pembimbing`, `nilai_penguji1`, `nilai_penguji2`, `lokasi`, `nilai_akhir`) VALUES
(16, NULL, '2021-07-18', '13:00:00', 3, '12345678', 'Restu Adil', 'Testing sistem informasi', 7, 11, 15, NULL, NULL, NULL, 'Zoom', NULL),
(17, NULL, '0000-00-00', '12:03:00', 1, '123213', '3123', '12321', 1, 1, 1, NULL, NULL, NULL, '3123', NULL),
(18, NULL, '0213-03-12', '12:23:00', 3, '213123', '123123', '12312', 1, 1, 1, NULL, NULL, NULL, '3123', NULL);

-- --------------------------------------------------------

--
-- Struktur dari tabel `tbl_menu`
--

CREATE TABLE `tbl_menu` (
  `id_menu` int NOT NULL,
  `parent_id` int NOT NULL DEFAULT '0',
  `menu_name` varchar(32) NOT NULL,
  `menu_link` text NOT NULL,
  `menu_icon` varchar(32) DEFAULT NULL
) ENGINE=InnoDB DEFAULT CHARSET=utf8mb4 COLLATE=utf8mb4_0900_ai_ci;

--
-- Dumping data untuk tabel `tbl_menu`
--

INSERT INTO `tbl_menu` (`id_menu`, `parent_id`, `menu_name`, `menu_link`, `menu_icon`) VALUES
(1, 0, 'Home', 'home', 'home'),
(2, 0, 'Jadwal', 'jadwal', 'tasks'),
(3, 0, 'Daftar Seminar', 'daftar-seminar', 'list'),
(5, 0, 'Profil', 'profil', 'user'),
(6, 0, 'Tentang', 'tentang', 'info'),
(10, 0, 'Lainnya', 'lainnya', 'cogs'),
(11, 10, 'Verifikasi Akun', 'verifikasi-akun', NULL),
(15, 10, 'Detail Penilaian', 'detail-penilaian', NULL);

-- --------------------------------------------------------

--
-- Struktur dari tabel `tbl_menu_access`
--

CREATE TABLE `tbl_menu_access` (
  `id_access` int NOT NULL,
  `menu_id` int NOT NULL,
  `role_id` int DEFAULT NULL
) ENGINE=InnoDB DEFAULT CHARSET=utf8mb4 COLLATE=utf8mb4_0900_ai_ci;

--
-- Dumping data untuk tabel `tbl_menu_access`
--

INSERT INTO `tbl_menu_access` (`id_access`, `menu_id`, `role_id`) VALUES
(1, 1, 1),
(3, 3, 1),
(5, 5, 1),
(6, 6, 1),
(7, 1, 2),
(8, 2, 2),
(10, 5, 2),
(11, 6, 2),
(14, 1, NULL),
(15, 2, NULL),
(18, 10, 1),
(19, 11, 1),
(23, 15, 1);

-- --------------------------------------------------------

--
-- Struktur dari tabel `tbl_role`
--

CREATE TABLE `tbl_role` (
  `id_role` int NOT NULL,
  `role_name` varchar(64) NOT NULL
) ENGINE=InnoDB DEFAULT CHARSET=utf8mb4 COLLATE=utf8mb4_0900_ai_ci;

--
-- Dumping data untuk tabel `tbl_role`
--

INSERT INTO `tbl_role` (`id_role`, `role_name`) VALUES
(1, 'Dosen'),
(2, 'Mahasiswa');

-- --------------------------------------------------------

--
-- Struktur dari tabel `tbl_users`
--

CREATE TABLE `tbl_users` (
  `id_user` int NOT NULL,
  `user_name` varchar(64) NOT NULL,
  `user_email` varchar(256) NOT NULL,
  `user_password` varchar(256) DEFAULT NULL,
  `user_nim` varchar(24) DEFAULT NULL,
  `user_prodi` enum('ti','si') DEFAULT NULL,
  `user_angkatan` int DEFAULT NULL,
  `user_image` varchar(256) DEFAULT NULL,
  `role_id` int DEFAULT '2',
  `is_verified` tinyint(1) NOT NULL DEFAULT '0',
  `created_at` timestamp NOT NULL DEFAULT CURRENT_TIMESTAMP,
  `month_created` varchar(7) NOT NULL
) ENGINE=InnoDB DEFAULT CHARSET=utf8mb4 COLLATE=utf8mb4_0900_ai_ci;

--
-- Dumping data untuk tabel `tbl_users`
--

INSERT INTO `tbl_users` (`id_user`, `user_name`, `user_email`, `user_password`, `user_nim`, `user_prodi`, `user_angkatan`, `user_image`, `role_id`, `is_verified`, `created_at`, `month_created`) VALUES
(1, 'Akbar Satrio', 'akbarsatrio@sista.com', '$2y$10$yOUXQUq.cpuUrpqdhzKVwe/KaKzqOWJym3J4Dbel2PUhQvSCUgbtS', '0110220261', 'ti', 2020, 'PROFIL-2021-07-05-23:19:52.png', 1, 1, '2021-05-31 10:28:23', '2021-05'),
(2, 'Yanto', 'mahasiswa@mail.com', '$2y$10$YUdgwxofmfLL4tV3xuP1z.g.PouGgSBDBdVZqud8r6bmdxRYaIZva', '02239721321', 'si', 2020, 'PROFIL-2021-07-17-11:23:55.png', 2, 1, '2021-07-05 17:10:12', '2021-06'),
(3, '213', '21@mail.com', '$2y$10$KYy/lvMo.35JzBYGeb5O/OQGe8ThwroJ/vE1eQZaAVfRERGPi9cEW', '123', 'ti', 2021, NULL, 2, 1, '2021-07-05 17:10:12', '2021-06'),
(4, '213', 'lala@mail.com', '$2y$10$a2kOGywBrfzmeNyEnSKku.FcyyPNL4OCipstpTg/gTbZj4oA8CC4u', '232323', 'ti', 2020, NULL, 2, 1, '2021-07-05 17:10:12', '2021-06'),
(5, 'Muhammad Ikbal', 'iqbal@nf.ac.id', '$2y$10$MOH/abceuxu7o9uiF2vt9enixePXRdi6FROlKxdPlEtu4Ex8Cyd0K', '0110220222', 'ti', 2020, NULL, 2, 1, '2021-07-06 10:05:22', '2021-07'),
(6, 'Muhammad Ikbal', 'iqbal@nf.ac.id', '$2y$10$MOH/abceuxu7o9uiF2vt9enixePXRdi6FROlKxdPlEtu4Ex8Cyd0K', '0110220222', 'ti', 2020, NULL, 2, 1, '2021-07-06 10:05:22', '2021-07'),
(7, 'Mahasiswa', 'mahasiswa@mail.com', '$2y$10$Hras54DE2.jOs/82zta9MONOY31xHXxWF0XlMph2nklIsUZwAxiEu', '0110220372', 'si', 2020, NULL, 2, 1, '2021-07-05 17:10:12', '2021-06'),
(8, '213', '21@mail.com', '$2y$10$KYy/lvMo.35JzBYGeb5O/OQGe8ThwroJ/vE1eQZaAVfRERGPi9cEW', '123', 'ti', 2020, NULL, 2, 1, '2021-07-05 17:10:12', '2021-06'),
(9, '213', 'lala@mail.com', '$2y$10$a2kOGywBrfzmeNyEnSKku.FcyyPNL4OCipstpTg/gTbZj4oA8CC4u', '232323', 'ti', 2019, NULL, 2, 1, '2021-07-05 17:10:12', '2021-06'),
(10, 'Muhammad Ikbal', 'iqbal@nf.ac.id', '$2y$10$MOH/abceuxu7o9uiF2vt9enixePXRdi6FROlKxdPlEtu4Ex8Cyd0K', '0110220222', 'ti', 2020, NULL, 2, 1, '2021-07-06 10:05:22', '2021-07'),
(11, 'Muhammad Ikbal', 'iqbal@nf.ac.id', '$2y$10$MOH/abceuxu7o9uiF2vt9enixePXRdi6FROlKxdPlEtu4Ex8Cyd0K', '0110220222', 'ti', 2020, NULL, 2, 1, '2021-07-06 10:05:22', '2021-07'),
(12, 'Muhammad Yanto', 'yanto@mail.com', '$2y$10$98wMrNLeId.8iQodVAx6ce8Z2mPunMp2b7vkiulgLuarAzZ40wB/e', '0220220222', 'ti', 2021, NULL, 2, 1, '2021-07-08 06:28:54', '2021-07'),
(13, '12312', '1231@mail.com', '$2y$10$HhM16WsEtSZ6gZRhOCrbNegvocYzC90ogCXrfFPnXzziYO/C1Xy/.', '3123', 'ti', 2019, NULL, 2, 1, '2021-07-08 06:32:34', '2021-07'),
(14, 'koko', '123@mc.c', '$2y$10$KJoWOXstp1EKbsGnkCQ1Q.QJ4lE05jjUxlBiLIlxVKrRhU6teTBHi', '5666', 'ti', 2018, NULL, 2, 1, '2021-07-08 06:36:13', '2021-07'),
(18, 'seli mulyani', 'parkselly03@gmail.com', '$2y$10$D7YWKg06IrCpfI/MVe4ffuxZG/2R9hk/ixl8OcxpU5ZmzNTOSe2n.', '0110220020', 'ti', 2020, NULL, 2, 1, '2021-07-17 04:33:07', '2021-07'),
(19, 'Rio Agi', 'rio.agi240@gmail.com', '$2y$10$K6ZN5tcyNwAaf3NXTccGAOnnBpqW2OUPaZqCnNheJLSr2xpv6J2Cq', '0110220092', 'ti', 2020, 'PROFIL-2021-07-17-11:37:00.jpg', 2, 1, '2021-07-17 04:34:27', '2021-07'),
(20, 'seli mulyani', 'selimulyani@gmail.com', '$2y$10$/a/cgLE.lgD9/mB/q/VK0OM3NsBR6/vlI/k6HPHIsGcH/WA4zjSNO', '0110220020', 'ti', 2020, NULL, 2, 1, '2021-07-17 04:34:54', '2021-07');

-- --------------------------------------------------------

--
-- Struktur dari tabel `tbl_visitors`
--

CREATE TABLE `tbl_visitors` (
  `id_visitor` int NOT NULL,
  `visitor_ip` varchar(256) NOT NULL,
  `visitor_time` varchar(8) NOT NULL,
  `created_at` varchar(7) NOT NULL
) ENGINE=InnoDB DEFAULT CHARSET=utf8mb4 COLLATE=utf8mb4_0900_ai_ci;

--
-- Dumping data untuk tabel `tbl_visitors`
--

INSERT INTO `tbl_visitors` (`id_visitor`, `visitor_ip`, `visitor_time`, `created_at`) VALUES
(1, '192.168.100.1', '', '2021-05'),
(3, '192.168.100.3', '', '2021-05'),
(4, '192.168.100.4', '', '2021-05'),
(5, '192.168.100.5', '', '2021-05'),
(8, '192.168.100.8', '', '2021-05'),
(9, '192.168.100.9', '', '2021-05'),
(10, '192.168.100.10', '', '2021-05'),
(11, '192.168.100.11', '', '2021-05'),
(14, '192.168.100.14', '', '2021-05'),
(15, '192.168.100.15', '', '2021-05'),
(16, '192.168.100.16', '', '2021-05'),
(18, '127.0.0.1', '', '2021-05'),
(24, '127.0.0.1', '', '2021-05'),
(25, '127.0.0.1', '', '2021-05'),
(26, '127.0.0.1', '', '2021-05'),
(27, '127.0.0.1', '', '2021-05'),
(28, '127.0.0.1', '', '2021-05'),
(29, '127.0.0.1', '', '2021-05'),
(30, '127.0.0.1', '0:00:00', '2021-05'),
(31, '127.0.0.1', '22:54:23', '2021-05'),
(32, '127.0.0.1', '22:56:19', '2021-05'),
(33, '127.0.0.1', '23:00:38', '2021-05'),
(34, '127.0.0.1', '6:59:33', '2021-06'),
(35, '127.0.0.1', '8:57:23', '2021-06'),
(36, '127.0.0.1', '8:57:40', '2021-06'),
(37, '180.251.189.131', '10:03:23', '2021-06'),
(38, '180.251.189.131', '10:03:43', '2021-06'),
(39, '180.251.189.131', '10:03:45', '2021-06'),
(40, '180.251.189.131', '10:05:18', '2021-06'),
(41, '180.251.189.131', '10:05:24', '2021-06'),
(42, '180.251.189.131', '10:07:23', '2021-06'),
(43, '180.251.189.131', '10:07:24', '2021-06'),
(44, '124.158.184.125', '12:12:32', '2021-06'),
(45, '124.158.184.125', '12:12:39', '2021-06'),
(46, '124.158.184.125', '12:13:52', '2021-06'),
(47, '120.188.2.249', '12:26:26', '2021-06'),
(48, '120.188.2.249', '12:26:32', '2021-06'),
(49, '180.251.189.131', '12:54:58', '2021-06'),
(50, '178.171.102.242', '13:28:42', '2021-06'),
(51, '31.6.11.33', '14:24:00', '2021-06'),
(52, '13.58.141.241', '15:41:50', '2021-06'),
(53, '31.6.11.33', '16:19:04', '2021-06'),
(54, '54.36.149.53', '17:29:50', '2021-06'),
(55, '161.69.99.11', '17:55:52', '2021-06'),
(56, '161.69.99.11', '17:55:53', '2021-06'),
(57, '161.69.99.11', '17:55:59', '2021-06'),
(58, '161.69.99.11', '17:56:01', '2021-06'),
(59, '180.251.189.131', '17:57:19', '2021-06'),
(60, '180.251.189.131', '18:07:21', '2021-06'),
(61, '180.251.189.131', '18:07:23', '2021-06'),
(62, '180.251.189.131', '18:07:23', '2021-06'),
(63, '180.251.189.131', '18:07:23', '2021-06'),
(64, '180.251.189.131', '18:07:23', '2021-06'),
(65, '180.251.189.131', '18:07:24', '2021-06'),
(66, '180.251.189.131', '18:07:24', '2021-06'),
(67, '180.251.189.131', '18:07:24', '2021-06'),
(68, '54.214.116.247', '19:11:33', '2021-06'),
(69, '34.217.34.27', '19:13:02', '2021-06'),
(70, '34.222.123.136', '19:14:32', '2021-06'),
(71, '34.222.60.240', '19:14:36', '2021-06'),
(72, '35.162.172.220', '19:17:25', '2021-06'),
(73, '52.26.74.77', '19:17:47', '2021-06'),
(74, '54.218.81.254', '19:18:42', '2021-06'),
(75, '205.169.39.104', '19:35:09', '2021-06'),
(76, '205.169.39.104', '19:35:13', '2021-06'),
(77, '70.42.131.189', '19:47:06', '2021-06'),
(78, '103.161.128.26', '20:11:15', '2021-06'),
(79, '103.161.128.26', '20:12:41', '2021-06'),
(80, '202.74.236.206', '20:23:01', '2021-06'),
(81, '103.161.128.26', '20:23:04', '2021-06'),
(82, '180.251.189.131', '20:34:07', '2021-06'),
(83, '180.251.189.131', '20:34:07', '2021-06'),
(84, '103.62.93.212', '20:35:36', '2021-06'),
(85, '103.161.128.26', '20:39:24', '2021-06'),
(86, '103.161.128.26', '20:39:26', '2021-06'),
(87, '180.253.165.170', '20:39:47', '2021-06'),
(88, '180.253.165.170', '20:39:48', '2021-06'),
(89, '62.210.92.175', '22:00:24', '2021-06'),
(90, '191.96.81.175', '23:35:15', '2021-06'),
(91, '168.151.149.7', '23:35:15', '2021-06'),
(92, '221.229.218.152', '0:48:36', '2021-06'),
(93, '221.229.218.152', '0:48:37', '2021-06'),
(94, '35.173.195.34', '1:53:00', '2021-06'),
(95, '2.137.100.68', '4:19:48', '2021-06'),
(96, '212.90.39.68', '6:31:34', '2021-06'),
(97, '62.115.15.146', '7:55:31', '2021-06'),
(98, '134.209.146.89', '8:07:40', '2021-06'),
(99, '159.242.234.211', '9:21:04', '2021-06'),
(100, '159.242.234.211', '9:21:04', '2021-06'),
(101, '103.161.128.26', '9:38:08', '2021-06'),
(102, '180.252.160.24', '10:09:52', '2021-06'),
(103, '103.161.128.26', '10:27:26', '2021-06'),
(104, '207.244.230.205', '10:45:56', '2021-06'),
(105, '185.158.101.25', '10:46:17', '2021-06'),
(106, '181.214.209.180', '10:46:18', '2021-06'),
(107, '88.204.46.24', '10:46:20', '2021-06'),
(108, '178.171.52.36', '10:46:23', '2021-06'),
(109, '161.97.154.80', '12:50:40', '2021-06'),
(110, '103.134.152.245', '15:20:39', '2021-06'),
(111, '23.108.47.106', '16:29:23', '2021-06'),
(112, '180.252.160.24', '17:13:40', '2021-06'),
(113, '180.252.160.24', '17:16:03', '2021-06'),
(114, '180.252.160.24', '17:16:06', '2021-06'),
(115, '180.252.160.24', '17:16:08', '2021-06'),
(116, '180.252.160.24', '18:10:31', '2021-06'),
(117, '18.236.114.183', '19:18:07', '2021-06'),
(118, '52.43.175.181', '19:21:36', '2021-06'),
(119, '54.202.94.83', '19:29:13', '2021-06'),
(120, '72.13.62.27', '21:26:29', '2021-06'),
(121, '180.251.189.131', '22:44:02', '2021-06'),
(122, '54.36.149.89', '4:40:25', '2021-06'),
(123, '202.74.236.206', '8:50:01', '2021-06'),
(124, '152.118.150.146', '8:50:29', '2021-06'),
(125, '137.226.113.44', '10:31:26', '2021-06'),
(126, '137.226.113.44', '10:31:26', '2021-06'),
(127, '3.12.149.102', '12:28:27', '2021-06'),
(128, '54.189.127.99', '19:16:40', '2021-06'),
(129, '35.166.172.119', '19:18:54', '2021-06'),
(130, '54.188.17.155', '19:30:30', '2021-06'),
(131, '54.189.143.27', '19:48:43', '2021-06'),
(132, '45.55.38.171', '2:00:20', '2021-06'),
(133, '66.249.71.172', '2:33:03', '2021-06'),
(134, '116.233.208.116', '2:40:59', '2021-06'),
(135, '138.246.253.24', '9:37:00', '2021-06'),
(136, '103.161.128.26', '11:02:37', '2021-06'),
(137, '103.161.128.26', '11:02:38', '2021-06'),
(138, '103.161.128.26', '11:08:24', '2021-06'),
(139, '103.161.128.26', '11:08:26', '2021-06'),
(140, '103.161.128.26', '11:08:26', '2021-06'),
(141, '103.161.128.26', '11:09:04', '2021-06'),
(142, '103.161.128.26', '11:09:06', '2021-06'),
(143, '103.161.128.26', '11:09:07', '2021-06'),
(144, '103.161.128.26', '12:39:07', '2021-06'),
(145, '103.161.128.26', '12:40:52', '2021-06'),
(146, '103.161.128.26', '12:40:54', '2021-06'),
(147, '103.161.128.26', '12:40:54', '2021-06'),
(148, '103.161.128.26', '12:42:30', '2021-06'),
(149, '103.161.128.26', '12:43:45', '2021-06'),
(150, '103.161.128.26', '12:44:44', '2021-06'),
(151, '103.161.128.26', '12:44:45', '2021-06'),
(152, '103.161.128.26', '12:44:45', '2021-06'),
(153, '103.161.128.26', '12:44:46', '2021-06'),
(154, '103.161.128.26', '12:46:40', '2021-06'),
(155, '103.161.128.26', '12:46:42', '2021-06'),
(156, '86.237.230.115', '13:10:37', '2021-06'),
(157, '86.237.230.115', '13:10:38', '2021-06'),
(158, '103.123.148.190', '13:11:56', '2021-06'),
(159, '103.123.148.190', '13:34:14', '2021-06'),
(160, '103.123.148.190', '13:34:16', '2021-06'),
(161, '66.249.79.55', '14:08:20', '2021-06'),
(162, '34.77.162.24', '14:41:55', '2021-06'),
(163, '10.64.49.25', '15:14:26', '2021-06'),
(164, '199.244.88.132', '15:58:28', '2021-06'),
(165, '66.249.79.46', '19:02:59', '2021-06'),
(166, '66.249.79.55', '19:07:52', '2021-06'),
(167, '34.220.90.176', '19:13:01', '2021-06'),
(168, '180.251.189.131', '19:34:30', '2021-06'),
(169, '54.36.148.45', '19:36:53', '2021-06'),
(170, '54.216.208.113', '22:22:21', '2021-06'),
(171, '54.245.209.3', '0:23:51', '2021-06'),
(172, '34.86.35.26', '2:11:04', '2021-06'),
(173, '103.255.254.135', '6:37:06', '2021-06'),
(174, '66.249.79.52', '11:31:30', '2021-06'),
(175, '34.96.130.33', '13:20:13', '2021-06'),
(176, '92.118.160.45', '18:44:07', '2021-06'),
(177, '34.217.14.226', '19:21:53', '2021-06'),
(178, '18.236.114.183', '19:23:42', '2021-06'),
(179, '52.43.20.206', '19:44:54', '2021-06'),
(180, '205.169.39.75', '20:18:48', '2021-06'),
(181, '205.169.39.75', '20:18:52', '2021-06'),
(182, '54.36.149.89', '4:37:04', '2021-06'),
(183, '180.251.189.131', '11:55:17', '2021-06'),
(184, '180.251.189.131', '11:56:11', '2021-06'),
(185, '35.222.175.151', '19:14:26', '2021-06'),
(186, '35.222.175.151', '19:14:26', '2021-06'),
(187, '54.189.143.27', '19:38:32', '2021-06'),
(188, '54.202.48.22', '19:39:30', '2021-06'),
(189, '52.36.31.206', '19:40:26', '2021-06'),
(190, '34.222.89.51', '19:46:03', '2021-06'),
(191, '92.118.160.9', '1:58:32', '2021-06'),
(192, '66.249.71.172', '2:38:34', '2021-06'),
(193, '40.117.185.219', '3:59:52', '2021-06'),
(194, '40.117.185.219', '5:21:45', '2021-06'),
(195, '103.123.148.190', '12:16:34', '2021-06'),
(196, '54.36.149.89', '13:59:35', '2021-06'),
(197, '92.118.160.13', '14:44:11', '2021-06'),
(198, '54.191.79.209', '19:25:22', '2021-06'),
(199, '35.162.172.220', '19:25:45', '2021-06'),
(200, '34.212.150.251', '19:29:22', '2021-06'),
(201, '35.163.253.56', '19:34:26', '2021-06'),
(202, '92.118.160.1', '21:51:47', '2021-06'),
(203, '64.120.109.61', '1:17:09', '2021-06'),
(204, '199.244.88.132', '1:41:31', '2021-06'),
(205, '34.77.162.28', '8:37:58', '2021-06'),
(206, '103.161.128.26', '11:29:45', '2021-06'),
(207, '103.161.128.26', '11:29:46', '2021-06'),
(208, '103.161.128.26', '11:29:49', '2021-06'),
(209, '103.161.128.26', '11:29:49', '2021-06'),
(210, '103.161.128.26', '11:29:56', '2021-06'),
(211, '103.123.148.190', '11:34:08', '2021-06'),
(212, '34.219.244.35', '19:47:43', '2021-06'),
(213, '52.37.206.66', '19:57:06', '2021-06'),
(214, '180.251.190.168', '21:22:09', '2021-06'),
(215, '180.251.190.168', '21:22:35', '2021-06'),
(216, '172.70.0.150, 108.162.245.155', '0:34:37', '2021-06'),
(217, '172.70.0.150, 162.158.107.200', '0:34:37', '2021-06'),
(218, '172.70.0.150, 108.162.245.133', '0:34:37', '2021-06'),
(219, '2606:4700:1101:0:c781:ccf6:cc28:4b50, 108.162.245.129', '0:34:38', '2021-06'),
(220, '2606:4700:1101:0:c781:ccf6:cc28:4b50, 108.162.246.70', '0:34:38', '2021-06'),
(221, '2606:4700:1101:0:c781:ccf6:cc28:4b50, 172.68.143.57', '0:34:38', '2021-06'),
(222, '172.70.0.150, 108.162.245.41', '0:34:39', '2021-06'),
(223, '172.70.0.150, 108.162.246.42', '0:34:39', '2021-06'),
(224, '172.70.0.150, 162.158.107.232', '0:34:39', '2021-06'),
(225, '54.36.148.45', '0:48:50', '2021-06'),
(226, '100.21.218.158', '4:09:24', '2021-06'),
(227, '180.251.190.168', '7:11:55', '2021-06'),
(228, '180.243.140.108', '11:10:45', '2021-06'),
(229, '54.203.3.145', '19:15:01', '2021-06'),
(230, '54.191.79.209', '19:19:06', '2021-06'),
(231, '34.219.244.35', '19:22:31', '2021-06'),
(232, '34.213.161.236', '19:26:32', '2021-06'),
(233, '66.249.71.172', '2:40:26', '2021-06'),
(234, '137.226.113.44', '10:32:45', '2021-06'),
(235, '137.226.113.44', '10:32:45', '2021-06'),
(236, '54.36.149.89', '14:30:44', '2021-06'),
(237, '103.161.128.26', '18:15:04', '2021-06'),
(238, '103.161.128.26', '18:15:28', '2021-06'),
(239, '103.161.128.26', '18:37:49', '2021-06'),
(240, '103.31.46.196', '18:37:52', '2021-06'),
(241, '54.214.116.247', '19:12:26', '2021-06'),
(242, '180.251.181.128', '19:44:55', '2021-06'),
(243, '18.237.148.160', '20:13:46', '2021-06'),
(244, '103.161.128.26', '21:00:47', '2021-06'),
(245, '168.151.165.114', '0:47:48', '2021-06'),
(246, '191.96.83.117', '0:57:49', '2021-06'),
(247, '181.215.75.252', '0:59:50', '2021-06'),
(248, '138.246.253.24', '9:26:56', '2021-06'),
(249, '10.64.49.25', '17:58:25', '2021-06'),
(250, '18.188.136.206', '18:13:24', '2021-06'),
(251, '34.222.106.171', '19:16:08', '2021-06'),
(252, '54.201.151.57', '19:16:59', '2021-06'),
(253, '34.222.123.136', '19:32:41', '2021-06'),
(254, '34.219.150.36', '19:40:26', '2021-06'),
(255, '89.22.101.69', '21:55:44', '2021-06'),
(256, '18.218.107.106', '22:00:04', '2021-06'),
(257, '54.36.149.89', '1:17:14', '2021-06'),
(258, '110.137.205.119', '9:53:57', '2021-06'),
(259, '110.137.205.119', '9:54:08', '2021-06'),
(260, '35.166.48.92', '19:39:59', '2021-06'),
(261, '72.13.46.5', '1:20:26', '2021-06'),
(262, '40.117.185.219', '2:08:33', '2021-06'),
(263, '66.249.79.46', '2:40:26', '2021-06'),
(264, '40.117.185.219', '3:28:14', '2021-06'),
(265, '66.249.71.86', '4:25:35', '2021-06'),
(266, '18.236.239.242', '5:03:15', '2021-06'),
(267, '34.77.162.16', '8:03:58', '2021-06'),
(268, '54.36.149.20', '8:23:45', '2021-06'),
(269, '92.118.160.1', '10:49:59', '2021-06'),
(270, '92.118.160.1', '11:13:20', '2021-06'),
(271, '54.36.148.45', '12:48:43', '2021-06'),
(272, '51.210.219.11', '14:39:50', '2021-06'),
(273, '54.148.130.135', '19:33:33', '2021-06'),
(274, '92.118.160.1', '8:18:13', '2021-06'),
(275, '54.36.148.172', '17:28:30', '2021-06'),
(276, '54.184.97.11', '19:20:33', '2021-06'),
(277, '35.167.139.113', '19:21:09', '2021-06'),
(278, '54.184.97.11', '19:22:34', '2021-06'),
(279, '52.43.249.222', '19:31:32', '2021-06'),
(280, '18.237.58.73', '19:34:11', '2021-06'),
(281, '54.191.184.205', '19:37:11', '2021-06'),
(282, '54.36.148.217', '21:04:58', '2021-06'),
(283, '92.118.160.57', '3:02:17', '2021-06'),
(284, '18.184.195.200', '5:57:49', '2021-06'),
(285, '92.118.160.13', '6:21:48', '2021-06'),
(286, '173.211.76.119', '6:45:52', '2021-06'),
(287, '66.96.225.123', '10:43:47', '2021-06'),
(288, '180.252.160.39', '11:38:55', '2021-06'),
(289, '180.252.160.39', '11:39:42', '2021-06'),
(290, '180.252.160.39', '11:40:11', '2021-06'),
(291, '180.252.160.39', '12:22:50', '2021-06'),
(292, '103.123.148.190', '12:26:33', '2021-06'),
(293, '103.123.148.190', '12:28:21', '2021-06'),
(294, '103.123.148.190', '12:28:22', '2021-06'),
(295, '103.123.148.190', '12:31:14', '2021-06'),
(296, '103.123.148.190', '12:31:16', '2021-06'),
(297, '103.123.148.190', '12:32:22', '2021-06'),
(298, '103.123.148.190', '12:33:31', '2021-06'),
(299, '103.123.148.190', '12:53:08', '2021-06'),
(300, '103.123.148.190', '12:53:09', '2021-06'),
(301, '103.123.148.190', '12:55:24', '2021-06'),
(302, '103.123.148.190', '13:01:29', '2021-06'),
(303, '103.123.148.190', '15:58:07', '2021-06'),
(304, '103.123.148.190', '15:58:53', '2021-06'),
(305, '103.161.128.26', '16:01:22', '2021-06'),
(306, '103.161.128.26', '16:01:29', '2021-06'),
(307, '103.123.148.190', '16:03:55', '2021-06'),
(308, '202.74.236.206', '16:28:43', '2021-06'),
(309, '103.161.128.26', '16:28:47', '2021-06'),
(310, '34.212.178.180', '19:36:34', '2021-06'),
(311, '34.220.176.45', '19:38:04', '2021-06'),
(312, '54.202.216.175', '19:38:24', '2021-06'),
(313, '18.236.244.206', '19:41:43', '2021-06'),
(314, '3.87.213.131', '19:58:37', '2021-06'),
(315, '3.87.213.131', '19:58:37', '2021-06'),
(316, '54.36.148.174', '1:53:18', '2021-06'),
(317, '66.249.79.60', '3:29:04', '2021-06'),
(318, '34.216.74.98', '4:51:30', '2021-06'),
(319, '34.221.1.223', '4:51:33', '2021-06'),
(320, '34.209.234.115', '4:51:57', '2021-06'),
(321, '52.35.28.233', '4:52:00', '2021-06'),
(322, '34.86.35.4', '5:28:42', '2021-06'),
(323, '34.86.35.20', '6:00:53', '2021-06'),
(324, '180.251.180.150', '7:47:54', '2021-06'),
(325, '54.36.149.89', '8:38:18', '2021-06'),
(326, '103.123.148.190', '10:42:05', '2021-06'),
(390, '103.123.148.190', '11:25:20', '2021-06'),
(391, '34.222.238.178', '19:24:08', '2021-06'),
(392, '52.27.89.188', '19:48:27', '2021-06'),
(393, '34.215.245.199', '19:57:00', '2021-06'),
(394, '54.202.31.104', '19:57:24', '2021-06'),
(395, '54.36.148.45', '8:00:26', '2021-06'),
(396, '152.118.150.128', '8:40:00', '2021-06'),
(397, '152.118.150.128', '8:40:02', '2021-06'),
(398, '152.118.150.128', '8:40:18', '2021-06'),
(399, '152.118.150.128', '8:44:56', '2021-06'),
(400, '152.118.150.128', '8:51:03', '2021-06'),
(401, '180.254.170.97', '9:11:17', '2021-06'),
(402, '180.254.170.97', '9:12:04', '2021-06'),
(403, '180.254.170.97', '9:12:30', '2021-06'),
(404, '180.254.170.97', '9:13:23', '2021-06'),
(405, '202.74.236.206', '9:26:38', '2021-06'),
(406, '152.118.150.128', '9:26:39', '2021-06'),
(407, '152.118.150.128', '9:35:58', '2021-06'),
(408, '152.118.150.128', '10:08:16', '2021-06'),
(409, '152.118.150.128', '10:08:18', '2021-06'),
(410, '152.118.150.128', '10:08:18', '2021-06'),
(411, '180.251.182.154', '10:55:52', '2021-06'),
(412, '103.123.148.190', '11:29:13', '2021-06'),
(413, '103.123.148.190', '11:38:19', '2021-06'),
(414, '138.246.253.24', '11:52:15', '2021-06'),
(415, '180.254.170.97', '11:55:18', '2021-06'),
(416, '180.254.170.97', '11:55:30', '2021-06'),
(417, '152.118.150.128', '11:59:09', '2021-06'),
(418, '152.118.150.128', '12:04:24', '2021-06'),
(419, '152.118.150.128', '12:09:52', '2021-06'),
(420, '152.118.150.128', '12:11:16', '2021-06'),
(421, '152.118.150.128', '12:11:28', '2021-06'),
(422, '152.118.150.128', '12:12:19', '2021-06'),
(423, '152.118.150.128', '12:12:22', '2021-06'),
(424, '152.118.150.128', '12:12:23', '2021-06'),
(425, '152.118.150.128', '12:12:24', '2021-06'),
(426, '152.118.150.128', '12:12:43', '2021-06'),
(427, '64.233.172.77', '12:15:18', '2021-06'),
(428, '66.249.80.191', '12:15:18', '2021-06'),
(429, '66.249.80.191', '12:15:18', '2021-06'),
(430, '72.14.199.191', '12:15:20', '2021-06'),
(431, '72.14.199.189', '12:15:20', '2021-06'),
(432, '66.249.80.189', '12:15:36', '2021-06'),
(433, '72.14.199.189', '12:16:16', '2021-06'),
(434, '72.14.199.161', '12:16:18', '2021-06'),
(435, '72.14.199.189', '12:16:39', '2021-06'),
(436, '66.249.80.191', '12:16:40', '2021-06'),
(437, '72.14.199.189', '12:16:40', '2021-06'),
(438, '66.249.80.161', '12:16:40', '2021-06'),
(439, '66.249.79.57', '12:36:12', '2021-06'),
(440, '54.36.149.5', '18:02:45', '2021-06'),
(441, '182.0.230.171', '21:00:26', '2021-06'),
(442, '103.161.128.26', '21:31:26', '2021-06'),
(443, '103.161.128.26', '21:31:26', '2021-06'),
(444, '103.161.128.26', '21:54:13', '2021-06'),
(445, '103.161.128.26', '21:54:14', '2021-06'),
(446, '36.71.22.224', '21:55:50', '2021-06'),
(447, '66.249.79.32', '0:31:33', '2021-06'),
(448, '66.249.79.32', '0:31:33', '2021-06'),
(449, '103.161.128.26', '8:17:30', '2021-06'),
(450, '36.71.22.224', '8:18:27', '2021-06'),
(451, '36.71.22.224', '8:23:22', '2021-06'),
(452, '103.161.128.26', '8:32:49', '2021-06'),
(453, '36.71.22.224', '8:48:12', '2021-06'),
(454, '180.244.22.134', '8:56:44', '2021-06'),
(455, '103.123.148.190', '10:55:05', '2021-06'),
(456, '35.184.178.140', '11:12:16', '2021-06'),
(457, '35.184.178.140', '11:12:27', '2021-06'),
(458, '103.161.128.26', '11:33:12', '2021-06'),
(459, '103.161.128.26', '11:34:34', '2021-06'),
(460, '103.161.128.26', '11:34:39', '2021-06'),
(461, '54.189.230.128', '12:29:10', '2021-06'),
(462, '202.74.236.206', '13:06:33', '2021-06'),
(463, '103.161.128.26', '15:20:58', '2021-06'),
(464, '103.161.128.26', '15:21:00', '2021-06'),
(465, '54.36.148.45', '16:45:21', '2021-06'),
(466, '103.161.128.26', '20:43:15', '2021-06'),
(467, '103.161.128.26', '20:43:23', '2021-06'),
(468, '103.161.128.26', '20:45:11', '2021-06'),
(469, '103.161.128.26', '20:45:14', '2021-06'),
(470, '103.161.128.26', '20:45:14', '2021-06'),
(471, '103.161.128.26', '20:45:15', '2021-06'),
(472, '10.64.49.25', '21:11:47', '2021-06'),
(473, '52.14.96.107', '22:02:04', '2021-06'),
(474, '180.251.191.134', '23:56:08', '2021-06'),
(475, '180.251.191.134', '23:56:43', '2021-06'),
(476, '180.251.191.134', '23:57:15', '2021-06'),
(477, '180.251.191.134', '23:57:38', '2021-06'),
(478, '180.251.191.134', '23:58:50', '2021-06'),
(479, '180.251.191.134', '0:00:25', '2021-06'),
(480, '180.251.191.134', '0:00:48', '2021-06'),
(481, '180.251.191.134', '0:04:50', '2021-06'),
(482, '103.161.128.26', '0:11:22', '2021-06'),
(483, '180.251.191.134', '1:02:01', '2021-06'),
(484, '180.251.191.134', '1:12:57', '2021-06'),
(485, '180.251.191.134', '1:13:08', '2021-06'),
(486, '180.251.191.134', '1:15:03', '2021-06'),
(487, '180.251.191.134', '1:16:58', '2021-06'),
(488, '180.251.191.134', '1:18:48', '2021-06'),
(489, '180.251.191.134', '1:20:10', '2021-06'),
(490, '180.251.191.134', '1:22:38', '2021-06'),
(491, '180.251.191.134', '1:22:59', '2021-06'),
(492, '180.251.191.134', '1:23:13', '2021-06'),
(493, '180.251.191.134', '1:29:20', '2021-06'),
(494, '180.251.191.134', '1:29:36', '2021-06'),
(495, '180.251.191.134', '1:30:21', '2021-06'),
(496, '180.251.191.134', '1:31:02', '2021-06'),
(497, '180.251.191.134', '1:31:02', '2021-06'),
(498, '180.251.191.134', '1:31:06', '2021-06'),
(499, '180.251.191.134', '1:31:07', '2021-06'),
(500, '180.251.191.134', '1:31:41', '2021-06'),
(501, '180.251.191.134', '2:05:54', '2021-06'),
(502, '66.249.79.60', '3:29:24', '2021-06'),
(503, '103.161.128.26', '5:22:09', '2021-06'),
(504, '54.202.225.15', '6:42:35', '2021-06'),
(505, '34.212.49.174', '6:42:39', '2021-06'),
(506, '180.251.191.134', '7:58:08', '2021-06'),
(507, '66.249.79.62', '8:13:03', '2021-06'),
(508, '66.249.79.60', '8:33:28', '2021-06'),
(509, '66.249.79.62', '8:33:29', '2021-06'),
(510, '66.249.79.62', '8:43:06', '2021-06'),
(511, '114.125.230.251', '11:58:27', '2021-06'),
(512, '66.249.79.62', '18:47:03', '2021-06'),
(513, '35.164.126.59', '19:13:56', '2021-06'),
(514, '103.161.128.26', '19:35:40', '2021-06'),
(515, '103.161.128.26', '19:36:11', '2021-06'),
(516, '103.161.128.26', '19:38:22', '2021-06'),
(517, '66.249.79.32', '21:29:53', '2021-06'),
(518, '66.249.79.62', '21:29:54', '2021-06'),
(519, '136.244.97.1', '22:34:47', '2021-06'),
(520, '34.216.21.154', '23:40:09', '2021-06'),
(521, '3.17.37.185', '0:23:06', '2021-06'),
(522, '92.118.160.17', '16:24:58', '2021-06'),
(523, '180.251.191.134', '19:14:29', '2021-06'),
(524, '18.237.163.228', '19:32:26', '2021-06'),
(525, '54.203.0.224', '19:32:46', '2021-06'),
(526, '180.251.191.134', '19:59:30', '2021-06'),
(527, '66.249.79.62', '21:05:09', '2021-06'),
(528, '66.249.79.60', '21:05:11', '2021-06'),
(529, '180.251.191.134', '0:27:50', '2021-06'),
(530, '180.251.191.134', '0:28:11', '2021-06'),
(531, '180.251.191.134', '0:28:15', '2021-06'),
(532, '180.251.191.134', '0:33:24', '2021-06'),
(533, '180.251.191.134', '0:34:04', '2021-06'),
(534, '180.251.191.134', '0:35:47', '2021-06'),
(535, '92.118.160.17', '3:56:13', '2021-06'),
(536, '103.161.128.26', '6:41:46', '2021-06'),
(537, '103.161.128.26', '6:42:01', '2021-06'),
(538, '103.161.128.26', '6:42:02', '2021-06'),
(539, '103.161.128.26', '6:42:49', '2021-06'),
(540, '114.125.246.11', '10:31:05', '2021-06'),
(541, '114.125.246.11', '10:47:42', '2021-06'),
(542, '114.125.246.11', '10:47:47', '2021-06'),
(543, '114.125.246.11', '10:47:49', '2021-06'),
(544, '114.125.246.11', '10:47:50', '2021-06'),
(545, '103.161.128.26', '10:51:28', '2021-06'),
(546, '114.4.4.201', '10:51:31', '2021-06'),
(547, '103.161.128.26', '10:52:29', '2021-06'),
(548, '114.125.246.11', '10:56:26', '2021-06'),
(549, '114.125.246.11', '10:58:08', '2021-06'),
(550, '114.125.246.11', '10:58:12', '2021-06'),
(551, '114.125.246.11', '10:58:16', '2021-06'),
(552, '103.161.128.26', '10:58:20', '2021-06'),
(553, '103.161.128.26', '10:58:24', '2021-06'),
(554, '103.161.128.26', '11:01:11', '2021-06'),
(555, '103.161.128.26', '11:03:52', '2021-06'),
(556, '114.125.246.11', '11:04:43', '2021-06'),
(557, '180.254.167.91', '11:37:48', '2021-06'),
(558, '159.138.141.101', '11:59:45', '2021-06'),
(559, '92.118.160.5', '14:00:15', '2021-06'),
(560, '180.254.167.91', '15:01:59', '2021-06'),
(561, '66.249.79.57', '23:18:46', '2021-06'),
(562, '66.249.79.32', '3:31:14', '2021-06'),
(563, '92.118.160.1', '8:22:02', '2021-06'),
(564, '66.249.79.32', '8:36:06', '2021-06'),
(565, '66.249.79.57', '8:36:07', '2021-06'),
(566, '152.118.150.128', '12:17:41', '2021-06'),
(567, '180.252.160.18', '14:33:16', '2021-06'),
(568, '180.252.160.18', '14:54:41', '2021-06'),
(569, '34.212.43.115', '19:38:16', '2021-06'),
(570, '180.251.191.134', '7:13:16', '2021-06'),
(571, '180.251.191.134', '7:13:16', '2021-06'),
(572, '180.251.191.134', '7:13:20', '2021-06'),
(573, '180.251.191.134', '7:13:20', '2021-06'),
(574, '180.251.191.134', '7:13:33', '2021-06'),
(575, '180.251.191.134', '7:13:34', '2021-06'),
(576, '180.251.191.134', '7:13:37', '2021-06'),
(577, '180.251.191.134', '7:13:37', '2021-06'),
(578, '103.161.128.26', '9:04:35', '2021-06'),
(579, '180.251.191.134', '9:04:36', '2021-06'),
(580, '180.251.191.134', '9:04:44', '2021-06'),
(581, '103.161.128.26', '9:09:32', '2021-06'),
(582, '180.251.191.134', '9:10:25', '2021-06'),
(583, '103.161.128.26', '9:10:57', '2021-06'),
(584, '103.161.128.26', '9:10:58', '2021-06'),
(585, '103.161.128.26', '9:10:59', '2021-06'),
(586, '103.161.128.26', '9:10:59', '2021-06'),
(587, '103.161.128.26', '9:11:00', '2021-06'),
(588, '103.161.128.26', '9:11:00', '2021-06'),
(589, '103.161.128.26', '9:11:01', '2021-06'),
(590, '103.161.128.26', '9:11:01', '2021-06'),
(591, '180.251.191.134', '9:11:29', '2021-06'),
(592, '103.161.128.26', '9:11:33', '2021-06'),
(593, '103.161.128.26', '9:13:47', '2021-06'),
(594, '103.161.128.26', '9:15:22', '2021-06'),
(595, '180.251.191.134', '9:19:43', '2021-06'),
(596, '103.161.128.26', '9:19:51', '2021-06'),
(597, '180.251.191.134', '9:20:46', '2021-06'),
(598, '103.161.128.26', '9:22:16', '2021-06'),
(599, '103.161.128.26', '9:22:16', '2021-06'),
(600, '103.161.128.26', '9:22:20', '2021-06'),
(601, '103.161.128.26', '9:22:31', '2021-06'),
(602, '103.161.128.26', '9:31:46', '2021-06'),
(603, '180.251.191.134', '9:36:52', '2021-06'),
(604, '180.251.191.134', '9:37:27', '2021-06'),
(605, '103.161.128.26', '9:38:58', '2021-06'),
(606, '103.161.128.26', '9:39:38', '2021-06'),
(607, '103.161.128.26', '9:40:06', '2021-06'),
(608, '103.161.128.26', '9:40:17', '2021-06'),
(609, '103.161.128.26', '9:40:59', '2021-06'),
(610, '103.161.128.26', '9:57:03', '2021-06'),
(611, '103.161.128.26', '9:57:04', '2021-06'),
(612, '180.251.191.134', '10:09:11', '2021-06'),
(613, '180.251.191.134', '10:12:36', '2021-06'),
(614, '103.161.128.26', '10:19:57', '2021-06'),
(615, '103.161.128.26', '10:19:58', '2021-06'),
(616, '103.161.128.26', '10:20:03', '2021-06'),
(617, '103.161.128.26', '10:20:03', '2021-06'),
(618, '180.251.191.134', '10:46:18', '2021-06'),
(619, '103.161.128.26', '10:56:12', '2021-06'),
(620, '103.161.128.26', '10:56:13', '2021-06'),
(621, '103.161.128.26', '10:56:14', '2021-06'),
(622, '103.161.128.26', '10:56:36', '2021-06'),
(623, '103.161.128.26', '10:56:41', '2021-06'),
(624, '103.161.128.26', '10:57:10', '2021-06'),
(625, '103.161.128.26', '10:57:46', '2021-06'),
(626, '103.161.128.26', '10:59:37', '2021-06'),
(627, '144.126.139.252', '12:05:25', '2021-06'),
(628, '180.251.191.134', '12:08:10', '2021-06'),
(629, '180.251.191.134', '12:08:31', '2021-06'),
(630, '180.251.191.134', '12:09:01', '2021-06'),
(631, '180.252.169.207', '15:26:46', '2021-06'),
(632, '101.203.171.70', '15:26:48', '2021-06'),
(633, '180.252.169.207', '15:48:50', '2021-06'),
(634, '180.251.191.134', '15:54:24', '2021-06'),
(635, '180.251.191.134', '15:54:41', '2021-06'),
(636, '180.251.191.134', '16:02:06', '2021-06'),
(637, '103.161.128.26', '16:02:46', '2021-06'),
(638, '103.161.128.26', '16:02:47', '2021-06'),
(639, '103.161.128.26', '16:02:47', '2021-06'),
(640, '103.161.128.26', '16:02:47', '2021-06'),
(641, '180.252.169.207', '16:30:01', '2021-06'),
(642, '180.252.169.207', '16:47:33', '2021-06'),
(643, '180.251.191.134', '17:20:03', '2021-06'),
(644, '180.251.191.134', '17:50:07', '2021-06'),
(645, '180.251.191.134', '17:50:30', '2021-06'),
(646, '180.251.191.134', '17:51:12', '2021-06'),
(647, '180.251.191.134', '17:51:34', '2021-06'),
(648, '180.251.191.134', '17:51:37', '2021-06'),
(649, '180.251.191.134', '17:52:07', '2021-06'),
(650, '180.251.191.134', '17:55:19', '2021-06'),
(651, '180.251.191.134', '17:55:34', '2021-06'),
(652, '180.251.191.134', '17:56:23', '2021-06'),
(653, '180.251.191.134', '17:57:02', '2021-06'),
(654, '66.249.79.57', '17:57:12', '2021-06'),
(655, '180.251.191.134', '20:11:09', '2021-06'),
(656, '180.251.191.134', '20:12:45', '2021-06'),
(657, '182.0.183.49', '20:23:54', '2021-06'),
(658, '182.0.183.49', '20:24:25', '2021-06'),
(659, '182.0.183.49', '20:24:36', '2021-06'),
(660, '180.251.191.134', '20:25:35', '2021-06'),
(661, '180.251.191.134', '20:31:32', '2021-06'),
(662, '180.251.191.134', '20:32:49', '2021-06'),
(663, '103.161.128.26', '6:05:24', '2021-06'),
(664, '103.161.128.26', '6:05:26', '2021-06'),
(665, '103.161.128.26', '6:05:26', '2021-06'),
(666, '103.161.128.26', '6:06:53', '2021-06'),
(667, '180.251.191.134', '8:03:19', '2021-06'),
(668, '180.251.191.134', '8:04:08', '2021-06'),
(669, '137.226.113.44', '8:41:56', '2021-06'),
(670, '18.188.147.162', '9:01:10', '2021-06'),
(671, '180.251.191.134', '9:22:48', '2021-06'),
(672, '180.252.171.84', '10:05:16', '2021-06'),
(673, '180.252.171.84', '10:06:55', '2021-06'),
(674, '66.249.79.49', '10:47:54', '2021-06'),
(675, '54.203.73.198', '11:27:18', '2021-06'),
(676, '180.251.191.134', '12:34:23', '2021-06'),
(677, '103.161.128.26', '12:34:24', '2021-06'),
(678, '103.161.128.26', '12:34:31', '2021-06'),
(679, '103.161.128.26', '12:34:31', '2021-06'),
(680, '103.161.128.26', '12:34:31', '2021-06'),
(681, '103.161.128.26', '12:35:13', '2021-06'),
(682, '180.251.191.134', '12:38:22', '2021-06'),
(683, '180.251.191.134', '12:39:15', '2021-06'),
(684, '180.251.191.134', '12:39:44', '2021-06'),
(685, '180.251.191.134', '12:40:18', '2021-06'),
(686, '103.161.128.26', '12:40:32', '2021-06'),
(687, '103.161.128.26', '12:40:34', '2021-06'),
(688, '103.161.128.26', '12:40:34', '2021-06'),
(689, '103.161.128.26', '12:42:26', '2021-06'),
(690, '180.251.191.134', '12:43:12', '2021-06'),
(691, '180.251.191.134', '12:44:26', '2021-06'),
(692, '180.251.191.134', '12:44:59', '2021-06'),
(693, '180.251.191.134', '12:45:25', '2021-06'),
(694, '180.251.191.134', '13:22:10', '2021-06'),
(695, '180.251.191.134', '13:24:10', '2021-06'),
(696, '180.251.191.134', '13:28:58', '2021-06'),
(697, '180.251.191.134', '13:29:49', '2021-06'),
(698, '103.161.128.26', '13:31:08', '2021-06'),
(699, '103.161.128.26', '13:35:36', '2021-06'),
(700, '103.161.128.26', '16:03:13', '2021-06'),
(701, '103.161.128.26', '16:07:24', '2021-06'),
(702, '54.185.79.170', '19:07:25', '2021-06'),
(703, '66.249.79.57', '20:23:07', '2021-06'),
(704, '181.215.232.166', '0:42:02', '2021-06'),
(705, '181.214.188.76', '0:45:46', '2021-06'),
(706, '66.249.79.49', '4:08:28', '2021-06'),
(707, '103.161.128.26', '7:19:07', '2021-06'),
(708, '103.161.128.26', '8:54:46', '2021-06'),
(709, '103.161.128.26', '9:03:17', '2021-06'),
(710, '180.251.188.205', '9:37:25', '2021-06'),
(711, '180.251.188.205', '9:40:12', '2021-06'),
(712, '180.251.188.205', '9:58:34', '2021-06'),
(713, '180.251.188.205', '9:58:42', '2021-06'),
(714, '180.251.188.205', '11:19:51', '2021-06'),
(715, '180.251.188.205', '11:37:12', '2021-06'),
(716, '54.212.20.18', '14:37:16', '2021-06'),
(717, '66.249.79.62', '21:16:20', '2021-06'),
(718, '10.64.49.25', '23:54:30', '2021-06'),
(719, '66.249.79.49', '6:36:43', '2021-06'),
(720, '180.251.188.205', '9:37:44', '2021-06'),
(721, '180.251.188.205', '9:38:34', '2021-06'),
(722, '180.251.188.205', '13:37:50', '2021-06'),
(723, '180.251.188.205', '13:48:32', '2021-06'),
(724, '180.251.188.205', '14:15:29', '2021-06'),
(725, '114.4.4.197', '17:23:28', '2021-06'),
(726, '54.201.43.71', '19:15:09', '2021-06'),
(727, '103.161.128.26', '21:46:08', '2021-06'),
(728, '180.251.188.205', '21:52:34', '2021-06'),
(729, '180.252.161.255', '8:57:29', '2021-06'),
(730, '54.170.124.242', '11:34:42', '2021-06'),
(731, '66.249.79.54', '18:55:12', '2021-06'),
(732, '103.127.65.185', '19:10:23', '2021-06'),
(733, '103.127.65.185', '19:11:42', '2021-06'),
(734, '103.127.65.185', '19:11:50', '2021-06'),
(735, '182.0.145.154', '19:13:04', '2021-06'),
(736, '182.0.145.154', '19:13:29', '2021-06'),
(737, '103.127.65.185', '19:13:29', '2021-06'),
(738, '182.0.145.154', '19:15:28', '2021-06'),
(739, '180.251.188.205', '22:17:08', '2021-06'),
(740, '180.251.188.205', '22:17:41', '2021-06'),
(741, '180.251.188.205', '22:18:14', '2021-06'),
(742, '180.251.188.205', '22:18:14', '2021-06'),
(743, '180.251.188.205', '22:18:19', '2021-06'),
(744, '180.251.188.205', '22:18:20', '2021-06'),
(745, '162.55.212.119', '23:47:08', '2021-06'),
(746, '173.212.199.138', '0:09:16', '2021-06'),
(747, '115.178.211.201', '10:24:36', '2021-06'),
(748, '54.189.49.121', '19:11:38', '2021-06'),
(749, '54.191.217.172', '19:11:57', '2021-06'),
(750, '52.27.37.125', '19:42:10', '2021-06'),
(751, '103.127.65.185', '12:04:59', '2021-06'),
(752, '103.127.65.185', '13:49:45', '2021-06'),
(753, '18.237.177.93', '19:19:34', '2021-06'),
(754, '34.219.165.14', '19:19:55', '2021-06'),
(755, '34.214.145.51', '19:22:23', '2021-06'),
(756, '198.204.240.242', '0:41:14', '2021-06'),
(757, '125.161.119.107', '9:49:04', '2021-06'),
(758, '125.161.119.107', '9:51:16', '2021-06'),
(759, '125.161.119.107', '9:51:58', '2021-06'),
(760, '114.79.1.81', '10:00:39', '2021-06'),
(761, '114.79.4.233', '11:17:08', '2021-06'),
(762, '110.137.168.30', '12:50:23', '2021-06'),
(763, '110.137.168.30', '15:58:54', '2021-06'),
(764, '110.138.80.30', '17:00:47', '2021-06'),
(765, '107.150.46.52', '21:38:16', '2021-06'),
(766, '207.46.13.55', '22:29:20', '2021-06'),
(767, '205.169.39.229', '23:58:46', '2021-06'),
(768, '205.169.39.229', '23:58:51', '2021-06'),
(769, '76.72.172.164', '2:03:37', '2021-07'),
(770, '114.79.4.241', '8:21:56', '2021-07'),
(771, '137.226.113.44', '8:51:48', '2021-07'),
(772, '114.142.170.18', '9:24:52', '2021-07'),
(773, '88.147.7.144', '12:26:16', '2021-07'),
(774, '36.77.95.111', '19:20:03', '2021-07'),
(775, '107.150.52.194', '23:44:01', '2021-07'),
(776, '88.147.7.144', '1:09:33', '2021-07'),
(777, '62.115.15.146', '7:55:33', '2021-07'),
(778, '107.150.52.194', '9:02:03', '2021-07'),
(779, '103.161.128.26', '9:54:32', '2021-07'),
(780, '103.161.128.26', '9:54:33', '2021-07'),
(781, '103.161.128.26', '9:54:34', '2021-07'),
(782, '103.161.128.26', '9:54:34', '2021-07'),
(783, '180.254.174.108', '13:41:24', '2021-07'),
(784, '34.219.215.89', '19:56:33', '2021-07'),
(785, '34.221.240.149', '19:56:38', '2021-07'),
(786, '107.150.48.229', '20:19:47', '2021-07'),
(787, '216.19.195.13', '21:00:39', '2021-07'),
(788, '216.19.195.245', '21:00:39', '2021-07'),
(789, '66.249.79.49', '1:55:57', '2021-07'),
(790, '10.64.49.29', '2:55:15', '2021-07'),
(791, '66.249.79.44', '7:26:28', '2021-07'),
(792, '66.249.79.44', '17:20:10', '2021-07'),
(793, '54.186.250.162', '19:59:03', '2021-07'),
(794, '180.252.83.146', '15:14:23', '2021-07'),
(795, '66.249.79.57', '16:18:00', '2021-07'),
(796, '66.249.79.57', '16:18:28', '2021-07'),
(797, '52.34.165.108', '19:19:11', '2021-07'),
(798, '54.185.34.2', '19:44:42', '2021-07'),
(799, '54.244.59.115', '19:44:56', '2021-07'),
(800, '66.249.79.49', '21:06:21', '2021-07'),
(801, '180.252.169.36', '10:27:34', '2021-07'),
(802, '180.252.169.36', '10:30:42', '2021-07'),
(803, '::1', '15:05:11', '2021-07'),
(804, '::1', '15:05:16', '2021-07'),
(805, '::1', '15:05:17', '2021-07'),
(806, '::1', '15:05:17', '2021-07'),
(807, '::1', '15:05:17', '2021-07'),
(808, '::1', '15:05:17', '2021-07'),
(809, '::1', '15:05:18', '2021-07'),
(810, '::1', '15:05:18', '2021-07'),
(811, '::1', '15:05:18', '2021-07'),
(812, '::1', '15:05:18', '2021-07'),
(813, '::1', '15:05:26', '2021-07'),
(814, '::1', '15:05:28', '2021-07'),
(815, '::1', '15:05:30', '2021-07'),
(816, '::1', '15:05:34', '2021-07'),
(817, '::1', '15:05:34', '2021-07'),
(818, '::1', '15:05:35', '2021-07'),
(819, '::1', '15:05:35', '2021-07'),
(820, '::1', '15:05:36', '2021-07'),
(821, '::1', '15:05:36', '2021-07'),
(822, '::1', '15:05:36', '2021-07'),
(823, '::1', '15:06:01', '2021-07'),
(824, '::1', '15:06:03', '2021-07'),
(825, '::1', '15:06:04', '2021-07'),
(826, '::1', '15:06:05', '2021-07'),
(827, '::1', '15:06:06', '2021-07'),
(828, '::1', '15:06:09', '2021-07'),
(829, '::1', '15:06:09', '2021-07'),
(830, '::1', '15:06:09', '2021-07'),
(831, '::1', '15:06:10', '2021-07'),
(832, '::1', '15:06:10', '2021-07'),
(833, '::1', '15:06:10', '2021-07'),
(834, '::1', '15:06:10', '2021-07'),
(835, '::1', '15:06:10', '2021-07'),
(836, '::1', '15:06:10', '2021-07'),
(837, '::1', '15:06:11', '2021-07'),
(838, '::1', '15:06:11', '2021-07'),
(839, '::1', '15:06:11', '2021-07'),
(840, '::1', '15:06:11', '2021-07'),
(841, '::1', '15:06:11', '2021-07'),
(842, '::1', '15:06:12', '2021-07'),
(843, '::1', '15:06:12', '2021-07'),
(844, '::1', '15:06:12', '2021-07'),
(845, '::1', '15:06:12', '2021-07'),
(846, '::1', '15:06:12', '2021-07'),
(847, '::1', '15:06:12', '2021-07'),
(848, '::1', '15:06:13', '2021-07'),
(849, '::1', '15:06:13', '2021-07'),
(850, '::1', '15:06:13', '2021-07'),
(851, '::1', '15:06:13', '2021-07'),
(852, '::1', '15:06:13', '2021-07'),
(853, '::1', '15:06:14', '2021-07'),
(854, '::1', '15:06:14', '2021-07'),
(855, '::1', '15:06:14', '2021-07'),
(856, '::1', '15:06:14', '2021-07'),
(857, '::1', '15:06:14', '2021-07'),
(858, '::1', '15:06:16', '2021-07'),
(859, '::1', '15:06:17', '2021-07'),
(860, '::1', '15:06:17', '2021-07'),
(861, '::1', '15:06:17', '2021-07'),
(862, '::1', '15:06:17', '2021-07'),
(863, '::1', '15:06:18', '2021-07'),
(864, '::1', '15:06:18', '2021-07'),
(865, '::1', '15:06:18', '2021-07'),
(866, '::1', '15:06:18', '2021-07'),
(867, '::1', '15:06:18', '2021-07'),
(868, '::1', '15:06:18', '2021-07'),
(869, '::1', '15:06:19', '2021-07'),
(870, '::1', '15:06:19', '2021-07'),
(871, '::1', '15:06:19', '2021-07'),
(872, '::1', '15:06:19', '2021-07'),
(873, '::1', '15:06:19', '2021-07'),
(874, '::1', '15:06:19', '2021-07'),
(875, '::1', '15:06:20', '2021-07'),
(876, '::1', '15:06:20', '2021-07'),
(877, '::1', '15:06:20', '2021-07'),
(878, '::1', '15:06:20', '2021-07'),
(879, '::1', '15:06:20', '2021-07'),
(880, '::1', '15:06:21', '2021-07'),
(881, '::1', '15:06:21', '2021-07'),
(882, '::1', '15:06:21', '2021-07'),
(883, '::1', '15:06:21', '2021-07'),
(884, '::1', '15:06:21', '2021-07'),
(885, '::1', '15:06:21', '2021-07'),
(886, '::1', '15:06:22', '2021-07'),
(887, '::1', '15:06:22', '2021-07'),
(888, '::1', '15:06:22', '2021-07'),
(889, '::1', '15:06:22', '2021-07'),
(890, '::1', '15:06:22', '2021-07'),
(891, '::1', '15:06:23', '2021-07'),
(892, '::1', '15:06:23', '2021-07'),
(893, '::1', '15:06:23', '2021-07'),
(894, '::1', '15:06:23', '2021-07'),
(895, '::1', '15:06:23', '2021-07'),
(896, '::1', '15:06:24', '2021-07'),
(897, '::1', '15:06:24', '2021-07'),
(898, '::1', '15:06:24', '2021-07'),
(899, '::1', '15:06:24', '2021-07'),
(900, '::1', '15:06:24', '2021-07'),
(901, '::1', '15:06:25', '2021-07'),
(902, '::1', '15:06:25', '2021-07'),
(903, '::1', '15:06:25', '2021-07'),
(904, '::1', '15:06:25', '2021-07'),
(905, '::1', '15:06:25', '2021-07'),
(906, '::1', '15:06:26', '2021-07'),
(907, '::1', '15:06:26', '2021-07'),
(908, '::1', '15:06:26', '2021-07'),
(909, '::1', '16:41:36', '2021-07'),
(910, '::1', '16:44:09', '2021-07'),
(911, '::1', '16:44:11', '2021-07'),
(912, '::1', '16:46:21', '2021-07'),
(913, '::1', '16:46:21', '2021-07'),
(914, '::1', '16:46:21', '2021-07'),
(915, '::1', '16:46:21', '2021-07'),
(916, '::1', '16:46:21', '2021-07'),
(917, '::1', '16:46:21', '2021-07'),
(918, '::1', '16:46:21', '2021-07'),
(919, '::1', '16:46:22', '2021-07'),
(920, '::1', '16:46:22', '2021-07'),
(921, '127.0.0.1', '12:35:42', '2021-07'),
(922, '127.0.0.1', '09:40:07', '2021-07'),
(923, '127.0.0.1', '09:41:17', '2021-07'),
(924, '127.0.0.1', '09:41:39', '2021-07'),
(925, '127.0.0.1', '09:42:04', '2021-07'),
(926, '127.0.0.1', '11:04:18', '2021-07'),
(927, '::1', '11:56:19', '2021-07'),
(928, '::1', '12:16:08', '2021-07'),
(929, '::1', '12:16:09', '2021-07'),
(930, '::1', '12:16:10', '2021-07'),
(931, '::1', '12:16:10', '2021-07'),
(932, '::1', '12:16:11', '2021-07'),
(933, '::1', '12:16:12', '2021-07'),
(934, '::1', '12:16:12', '2021-07'),
(935, '::1', '12:16:13', '2021-07'),
(936, '::1', '12:16:13', '2021-07'),
(937, '::1', '12:16:13', '2021-07'),
(938, '::1', '12:16:13', '2021-07'),
(939, '127.0.0.1', '12:31:33', '2021-07'),
(940, '::1', '13:30:04', '2021-07'),
(941, '::1', '13:30:07', '2021-07'),
(942, '::1', '13:35:48', '2021-07'),
(943, '127.0.0.1', '09:41:49', '2021-07'),
(944, '::1', '12:18:20', '2021-07'),
(945, '127.0.0.1', '08:42:49', '2021-07'),
(946, '127.0.0.1', '13:31:51', '2021-07'),
(947, '127.0.0.1', '13:32:51', '2021-07'),
(948, '127.0.0.1', '13:46:47', '2021-07'),
(949, '127.0.0.1', '15:00:44', '2021-07'),
(950, '127.0.0.1', '15:09:26', '2021-07'),
(951, '127.0.0.1', '15:09:35', '2021-07'),
(952, '127.0.0.1', '15:21:31', '2021-07'),
(953, '127.0.0.1', '15:29:31', '2021-07'),
(954, '127.0.0.1', '15:29:41', '2021-07'),
(955, '127.0.0.1', '15:29:47', '2021-07'),
(956, '127.0.0.1', '15:30:01', '2021-07'),
(957, '127.0.0.1', '15:31:41', '2021-07'),
(958, '127.0.0.1', '15:32:22', '2021-07'),
(959, '127.0.0.1', '15:32:25', '2021-07'),
(960, '127.0.0.1', '15:32:36', '2021-07'),
(961, '127.0.0.1', '15:32:49', '2021-07'),
(962, '127.0.0.1', '15:33:08', '2021-07'),
(963, '127.0.0.1', '15:33:13', '2021-07'),
(964, '127.0.0.1', '15:33:49', '2021-07'),
(965, '127.0.0.1', '15:33:58', '2021-07'),
(966, '127.0.0.1', '15:39:14', '2021-07'),
(967, '127.0.0.1', '08:59:09', '2021-07'),
(968, '127.0.0.1', '09:02:00', '2021-07'),
(969, '127.0.0.1', '09:13:50', '2021-07'),
(970, '127.0.0.1', '10:13:35', '2021-07'),
(971, '127.0.0.1', '15:12:46', '2021-07'),
(972, '127.0.0.1', '22:08:27', '2021-07'),
(973, '127.0.0.1', '16:11:13', '2021-07'),
(974, '127.0.0.1', '16:11:20', '2021-07'),
(975, '127.0.0.1', '18:50:53', '2021-07'),
(976, '127.0.0.1', '07:50:52', '2021-07'),
(977, '127.0.0.1', '22:32:27', '2021-07'),
(978, '127.0.0.1', '06:45:15', '2021-07'),
(979, '127.0.0.1', '06:45:21', '2021-07'),
(980, '127.0.0.1', '07:34:05', '2021-07'),
(981, '114.124.195.90', '10:49:09', '2021-07'),
(982, '116.206.8.7', '10:49:55', '2021-07'),
(983, '116.206.8.7', '10:54:04', '2021-07'),
(984, '114.124.180.208', '11:02:35', '2021-07'),
(985, '114.124.180.208', '11:05:01', '2021-07'),
(986, '114.124.180.208', '11:20:04', '2021-07'),
(987, '114.124.180.208', '11:21:30', '2021-07'),
(988, '114.124.180.208', '11:22:10', '2021-07'),
(989, '114.124.180.208', '11:23:11', '2021-07'),
(990, '114.124.195.26', '11:33:09', '2021-07'),
(991, '114.124.195.90', '11:35:00', '2021-07'),
(992, '116.206.9.63', '11:35:26', '2021-07'),
(993, '180.252.160.186', '11:44:19', '2021-07'),
(994, '180.252.160.186', '11:46:13', '2021-07'),
(995, '180.252.160.186', '11:46:30', '2021-07'),
(996, '180.252.160.186', '11:46:56', '2021-07'),
(997, '180.252.160.186', '11:47:31', '2021-07'),
(998, '180.252.160.186', '11:47:32', '2021-07'),
(999, '180.252.160.186', '11:51:11', '2021-07'),
(1000, '180.252.160.186', '11:51:19', '2021-07'),
(1001, '114.124.195.154', '12:30:40', '2021-07'),
(1002, '114.124.195.154', '12:39:18', '2021-07'),
(1003, '185.173.35.33', '12:59:34', '2021-07');

--
-- Indexes for dumped tables
--

--
-- Indeks untuk tabel `detail_penilaian`
--
ALTER TABLE `detail_penilaian`
  ADD PRIMARY KEY (`id`),
  ADD KEY `fk_detail_penilaian_penilaian1_idx` (`penilaian_id`),
  ADD KEY `fk_detail_penilaian_dosen1_idx` (`dosen_id`);

--
-- Indeks untuk tabel `dosen`
--
ALTER TABLE `dosen`
  ADD PRIMARY KEY (`id`);

--
-- Indeks untuk tabel `kategori_seminar`
--
ALTER TABLE `kategori_seminar`
  ADD PRIMARY KEY (`id`);

--
-- Indeks untuk tabel `penilaian`
--
ALTER TABLE `penilaian`
  ADD PRIMARY KEY (`id`);

--
-- Indeks untuk tabel `peserta_seminar`
--
ALTER TABLE `peserta_seminar`
  ADD PRIMARY KEY (`id`),
  ADD KEY `fk_peserta_seminar_mahasiswa_seminar1_idx` (`seminar_id`);

--
-- Indeks untuk tabel `seminar_ta`
--
ALTER TABLE `seminar_ta`
  ADD PRIMARY KEY (`id`),
  ADD KEY `fk_mahasiswa_seminar_kategori_seminar_idx` (`kategori_seminar_id`),
  ADD KEY `fk_mahasiswa_seminar_dosen1_idx` (`pembimbing_id`),
  ADD KEY `fk_mahasiswa_seminar_penguji1` (`penguji1_id`);

--
-- Indeks untuk tabel `tbl_menu`
--
ALTER TABLE `tbl_menu`
  ADD PRIMARY KEY (`id_menu`);

--
-- Indeks untuk tabel `tbl_menu_access`
--
ALTER TABLE `tbl_menu_access`
  ADD PRIMARY KEY (`id_access`),
  ADD KEY `fk_id_menu_menu_access` (`menu_id`),
  ADD KEY `fk_id_role_menu_access` (`role_id`);

--
-- Indeks untuk tabel `tbl_role`
--
ALTER TABLE `tbl_role`
  ADD PRIMARY KEY (`id_role`);

--
-- Indeks untuk tabel `tbl_users`
--
ALTER TABLE `tbl_users`
  ADD PRIMARY KEY (`id_user`),
  ADD KEY `fk_id_role_users` (`role_id`);

--
-- Indeks untuk tabel `tbl_visitors`
--
ALTER TABLE `tbl_visitors`
  ADD PRIMARY KEY (`id_visitor`);

--
-- AUTO_INCREMENT untuk tabel yang dibuang
--

--
-- AUTO_INCREMENT untuk tabel `detail_penilaian`
--
ALTER TABLE `detail_penilaian`
  MODIFY `id` int NOT NULL AUTO_INCREMENT, AUTO_INCREMENT=22;

--
-- AUTO_INCREMENT untuk tabel `dosen`
--
ALTER TABLE `dosen`
  MODIFY `id` int NOT NULL AUTO_INCREMENT, AUTO_INCREMENT=35;

--
-- AUTO_INCREMENT untuk tabel `kategori_seminar`
--
ALTER TABLE `kategori_seminar`
  MODIFY `id` int NOT NULL AUTO_INCREMENT, AUTO_INCREMENT=4;

--
-- AUTO_INCREMENT untuk tabel `penilaian`
--
ALTER TABLE `penilaian`
  MODIFY `id` int NOT NULL AUTO_INCREMENT, AUTO_INCREMENT=4;

--
-- AUTO_INCREMENT untuk tabel `peserta_seminar`
--
ALTER TABLE `peserta_seminar`
  MODIFY `id` int NOT NULL AUTO_INCREMENT, AUTO_INCREMENT=54;

--
-- AUTO_INCREMENT untuk tabel `seminar_ta`
--
ALTER TABLE `seminar_ta`
  MODIFY `id` int NOT NULL AUTO_INCREMENT, AUTO_INCREMENT=19;

--
-- AUTO_INCREMENT untuk tabel `tbl_menu`
--
ALTER TABLE `tbl_menu`
  MODIFY `id_menu` int NOT NULL AUTO_INCREMENT, AUTO_INCREMENT=16;

--
-- AUTO_INCREMENT untuk tabel `tbl_menu_access`
--
ALTER TABLE `tbl_menu_access`
  MODIFY `id_access` int NOT NULL AUTO_INCREMENT, AUTO_INCREMENT=24;

--
-- AUTO_INCREMENT untuk tabel `tbl_role`
--
ALTER TABLE `tbl_role`
  MODIFY `id_role` int NOT NULL AUTO_INCREMENT, AUTO_INCREMENT=5;

--
-- AUTO_INCREMENT untuk tabel `tbl_users`
--
ALTER TABLE `tbl_users`
  MODIFY `id_user` int NOT NULL AUTO_INCREMENT, AUTO_INCREMENT=21;

--
-- AUTO_INCREMENT untuk tabel `tbl_visitors`
--
ALTER TABLE `tbl_visitors`
  MODIFY `id_visitor` int NOT NULL AUTO_INCREMENT, AUTO_INCREMENT=1004;

--
-- Ketidakleluasaan untuk tabel pelimpahan (Dumped Tables)
--

--
-- Ketidakleluasaan untuk tabel `detail_penilaian`
--
ALTER TABLE `detail_penilaian`
  ADD CONSTRAINT `fk_detail_penilaian_dosen1` FOREIGN KEY (`dosen_id`) REFERENCES `dosen` (`id`),
  ADD CONSTRAINT `fk_detail_penilaian_penilaian1` FOREIGN KEY (`penilaian_id`) REFERENCES `penilaian` (`id`);

--
-- Ketidakleluasaan untuk tabel `peserta_seminar`
--
ALTER TABLE `peserta_seminar`
  ADD CONSTRAINT `fk_peserta_seminar_mahasiswa_seminar1` FOREIGN KEY (`seminar_id`) REFERENCES `seminar_ta` (`id`);

--
-- Ketidakleluasaan untuk tabel `seminar_ta`
--
ALTER TABLE `seminar_ta`
  ADD CONSTRAINT `fk_mahasiswa_seminar_dosen1` FOREIGN KEY (`pembimbing_id`) REFERENCES `dosen` (`id`),
  ADD CONSTRAINT `fk_mahasiswa_seminar_kategori_seminar` FOREIGN KEY (`kategori_seminar_id`) REFERENCES `kategori_seminar` (`id`);

--
-- Ketidakleluasaan untuk tabel `tbl_menu_access`
--
ALTER TABLE `tbl_menu_access`
  ADD CONSTRAINT `fk_id_menu_menu_access` FOREIGN KEY (`menu_id`) REFERENCES `tbl_menu` (`id_menu`) ON DELETE CASCADE ON UPDATE CASCADE,
  ADD CONSTRAINT `fk_id_role_menu_access` FOREIGN KEY (`role_id`) REFERENCES `tbl_role` (`id_role`) ON DELETE CASCADE ON UPDATE CASCADE;

--
-- Ketidakleluasaan untuk tabel `tbl_users`
--
ALTER TABLE `tbl_users`
  ADD CONSTRAINT `fk_id_role_users` FOREIGN KEY (`role_id`) REFERENCES `tbl_role` (`id_role`) ON DELETE SET NULL ON UPDATE CASCADE;
COMMIT;

/*!40101 SET CHARACTER_SET_CLIENT=@OLD_CHARACTER_SET_CLIENT */;
/*!40101 SET CHARACTER_SET_RESULTS=@OLD_CHARACTER_SET_RESULTS */;
/*!40101 SET COLLATION_CONNECTION=@OLD_COLLATION_CONNECTION */;
